Workbook

Sheet Metadata
A1: VARIABLES | B1: DATA TYPE | C1: EXPLANATION
A2: Plot ID | B2: string / numeric | C2: [optional] Unique plot identifier code. The plot ID can be a number, a letter, or a combination. Use the same plot ID for all trees within the same plot
A3: Tree ID | B3: string / numeric | C3: [optional] Unique tree identifier code within a specific plot. The tree ID can be a number, a letter, or a combination. Use a unique tree ID for each tree within the same plot, avoiding repetitions
A4: Species | B4: dropdown list | C4: Species selection. If your species does not appear in the list, select "All the species" as the default value
A5: dbh (cm) | B5: numeric | C5: Diameter at breast height (cm). The dbh value must be between 7.5 and 150 cm to ensure the proper functioning of the model
A6: Biogeographic region | B6: dropdown list | C6: Selection of the biogeographic region where the forest is located. This field is necessary to distinguish the behavior that the same species may have under different ecological conditions. The options are "Alpine," "Atlantic," "Macaronesian," and "Mediterranean." At the bottom of this same sheet, you have a map to check where each of them is located
A7: Stand mixture | B7: dropdown list | C7: Selection of the stand type according to the present species. You must choose between the "pure" or "mixed" stand options; for this, consider the characteristics of the plot you are evaluating and not the entire forest, as the conditions of each stand are different. In this study, we consider a stand to be mixed when the combined proportion of at least two species exceeds 90% of the plot's basal area, and the proportion of both species is greater than 15% of the total. It does not matter which species is accompanying or the proportion of mixing
A8: Stand origin | B8: dropdown list | C8: Selection of the stand origin. You must choose between the options "natural" or "plantation," whose names are self-explanatory. The plantation design does not matter
A9: Predicted height (m) | B9: numeric | C9: Total tree height predicted by the model (m). Keep in mind that this value is a prediction and not a real measurement, so it may differ from the actual observed data. If you are using this model for common dbh values, the model will provide a more accurate prediction than if you use it for extreme dbh values, where the model errors are greater
A11: Distribution of plots from the Spanish Forest National Inventory by biogeographic regions
A12: Blank spaces indicate the absence of plot data but retain the same biogeographic region as the surrounding areas

Sheet Calculator
A1: Plot ID | B1: Tree ID | C1: Species | D1: dbh (cm) | E1: Biogeographic region | F1: Stand mixture | G1: Stand origin | H1: Parameter a | I1: Parameter b | J1: Predicted height (m)
A2: 1 | B2: 1 | C2: Pinus pinaster | D2: 20 | E2: Alpine | F2: pure | G2: natural | H2: =VLOOKUP(C2, ab_coefs!B:D, 2, FALSE) + VLOOKUP(E2, fe_coefs!A:C, 2, FALSE) + VLOOKUP(F2, fe_coefs!E:G, 2, FALSE) + VLOOKUP(G2, fe_coefs!I:K, 2, FALSE) -> 0.38511721 | I2: =VLOOKUP(C2, ab_coefs!B:D, 3, FALSE) + VLOOKUP(E2, fe_coefs!A:C, 3, FALSE) + VLOOKUP(F2, fe_coefs!E:G, 3, FALSE) + VLOOKUP(G2, fe_coefs!I:K, 3, FALSE) -> 2.7086716 | J2: =IF(ISNUMBER(1.3 + H2*(LN(1 + D2))^I2), 1.3 + H2*(LN(1 + D2))^I2, "") -> 9.157558
A3: 1 | B3: 2 | C3: Pinus nigra | D3: 20 | E3: Atlantic | F3: pure | G3: natural | H3: =VLOOKUP(C3, ab_coefs!B:D, 2, FALSE) + VLOOKUP(E3, fe_coefs!A:C, 2, FALSE) + VLOOKUP(F3, fe_coefs!E:G, 2, FALSE) + VLOOKUP(G3, fe_coefs!I:K, 2, FALSE) -> 0.84611844 | I3: =VLOOKUP(C3, ab_coefs!B:D, 3, FALSE) + VLOOKUP(E3, fe_coefs!A:C, 3, FALSE) + VLOOKUP(F3, fe_coefs!E:G, 3, FALSE) + VLOOKUP(G3, fe_coefs!I:K, 3, FALSE) -> 2.3175048 | J3: =IF(ISNUMBER(1.3 + H3*(LN(1 + D3))^I3), 1.3 + H3*(LN(1 + D3))^I3, "") -> 12.468354
A4: 1 | B4: 3 | C4: Pinus pinaster | D4: 20 | E4: Macaronesian | F4: pure | G4: natural | H4: =VLOOKUP(C4, ab_coefs!B:D, 2, FALSE) + VLOOKUP(E4, fe_coefs!A:C, 2, FALSE) + VLOOKUP(F4, fe_coefs!E:G, 2, FALSE) + VLOOKUP(G4, fe_coefs!I:K, 2, FALSE) -> 0.60127891 | I4: =VLOOKUP(C4, ab_coefs!B:D, 3, FALSE) + VLOOKUP(E4, fe_coefs!A:C, 3, FALSE) + VLOOKUP(F4, fe_coefs!E:G, 3, FALSE) + VLOOKUP(G4, fe_coefs!I:K, 3, FALSE) -> 2.4744131 | J4: =IF(ISNUMBER(1.3 + H4*(LN(1 + D4))^I4), 1.3 + H4*(LN(1 + D4))^I4, "") -> 10.751531
A5: 1 | B5: 4 | C5: Pinus pinaster | D5: 20 | E5: Mediterranean | F5: pure | G5: natural | H5: =VLOOKUP(C5, ab_coefs!B:D, 2, FALSE) + VLOOKUP(E5, fe_coefs!A:C, 2, FALSE) + VLOOKUP(F5, fe_coefs!E:G, 2, FALSE) + VLOOKUP(G5, fe_coefs!I:K, 2, FALSE) -> 0.41751166 | I5: =VLOOKUP(C5, ab_coefs!B:D, 3, FALSE) + VLOOKUP(E5, fe_coefs!A:C, 3, FALSE) + VLOOKUP(F5, fe_coefs!E:G, 3, FALSE) + VLOOKUP(G5, fe_coefs!I:K, 3, FALSE) -> 2.6738706 | J5: =IF(ISNUMBER(1.3 + H5*(LN(1 + D5))^I5), 1.3 + H5*(LN(1 + D5))^I5, "") -> 9.4947615
A6: 2 | B6: 1 | C6: Populus alba | D6: 15 | E6: Mediterranean | F6: pure | G6: natural | H6: =VLOOKUP(C6, ab_coefs!B:D, 2, FALSE) + VLOOKUP(E6, fe_coefs!A:C, 2, FALSE) + VLOOKUP(F6, fe_coefs!E:G, 2, FALSE) + VLOOKUP(G6, fe_coefs!I:K, 2, FALSE) -> 1.2932287 | I6: =VLOOKUP(C6, ab_coefs!B:D, 3, FALSE) + VLOOKUP(E6, fe_coefs!A:C, 3, FALSE) + VLOOKUP(F6, fe_coefs!E:G, 3, FALSE) + VLOOKUP(G6, fe_coefs!I:K, 3, FALSE) -> 2.069183 | J6: =IF(ISNUMBER(1.3 + H6*(LN(1 + D6))^I6), 1.3 + H6*(LN(1 + D6))^I6, "") -> 11.968083
A7: 2 | B7: 2 | C7: Populus alba | D7: 15 | E7: Mediterranean | F7: pure | G7: plantation | H7: =VLOOKUP(C7, ab_coefs!B:D, 2, FALSE) + VLOOKUP(E7, fe_coefs!A:C, 2, FALSE) + VLOOKUP(F7, fe_coefs!E:G, 2, FALSE) + VLOOKUP(G7, fe_coefs!I:K, 2, FALSE) -> 1.2812474 | I7: =VLOOKUP(C7, ab_coefs!B:D, 3, FALSE) + VLOOKUP(E7, fe_coefs!A:C, 3, FALSE) + VLOOKUP(F7, fe_coefs!E:G, 3, FALSE) + VLOOKUP(G7, fe_coefs!I:K, 3, FALSE) -> 2.107408 | J7: =IF(ISNUMBER(1.3 + H7*(LN(1 + D7))^I7), 1.3 + H7*(LN(1 + D7))^I7, "") -> 12.289384
A8: 3 | B8: 1 | C8: Quercus robur | D8: 30 | E8: Atlantic | F8: pure | G8: natural | H8: =VLOOKUP(C8, ab_coefs!B:D, 2, FALSE) + VLOOKUP(E8, fe_coefs!A:C, 2, FALSE) + VLOOKUP(F8, fe_coefs!E:G, 2, FALSE) + VLOOKUP(G8, fe_coefs!I:K, 2, FALSE) -> 1.8682994 | I8: =VLOOKUP(C8, ab_coefs!B:D, 3, FALSE) + VLOOKUP(E8, fe_coefs!A:C, 3, FALSE) + VLOOKUP(F8, fe_coefs!E:G, 3, FALSE) + VLOOKUP(G8, fe_coefs!I:K, 3, FALSE) -> 1.7154826 | J8: =IF(ISNUMBER(1.3 + H8*(LN(1 + D8))^I8), 1.3 + H8*(LN(1 + D8))^I8, "") -> 16.80957
A9: 3 | B9: 2 | C9: Quercus robur | D9: 30 | E9: Atlantic | F9: mix | G9: natural | H9: =VLOOKUP(C9, ab_coefs!B:D, 2, FALSE) + VLOOKUP(E9, fe_coefs!A:C, 2, FALSE) + VLOOKUP(F9, fe_coefs!E:G, 2, FALSE) + VLOOKUP(G9, fe_coefs!I:K, 2, FALSE) -> 1.8862737 | I9: =VLOOKUP(C9, ab_coefs!B:D, 3, FALSE) + VLOOKUP(E9, fe_coefs!A:C, 3, FALSE) + VLOOKUP(F9, fe_coefs!E:G, 3, FALSE) + VLOOKUP(G9, fe_coefs!I:K, 3, FALSE) -> 1.6764491 | J9: =IF(ISNUMBER(1.3 + H9*(LN(1 + D9))^I9), 1.3 + H9*(LN(1 + D9))^I9, "") -> 16.222579
H10: =VLOOKUP(C10, ab_coefs!B:D, 2, FALSE) + VLOOKUP(E10, fe_coefs!A:C, 2, FALSE) + VLOOKUP(F10, fe_coefs!E:G, 2, FALSE) + VLOOKUP(G10, fe_coefs!I:K, 2, FALSE) -> #N/A | I10: =VLOOKUP(C10, ab_coefs!B:D, 3, FALSE) + VLOOKUP(E10, fe_coefs!A:C, 3, FALSE) + VLOOKUP(F10, fe_coefs!E:G, 3, FALSE) + VLOOKUP(G10, fe_coefs!I:K, 3, FALSE) -> #N/A | J10: =IF(ISNUMBER(1.3 + H10*(LN(1 + D10))^I10), 1.3 + H10*(LN(1 + D10))^I10, "")
H11: =VLOOKUP(C11, ab_coefs!B:D, 2, FALSE) + VLOOKUP(E11, fe_coefs!A:C, 2, FALSE) + VLOOKUP(F11, fe_coefs!E:G, 2, FALSE) + VLOOKUP(G11, fe_coefs!I:K, 2, FALSE) -> #N/A | I11: =VLOOKUP(C11, ab_coefs!B:D, 3, FALSE) + VLOOKUP(E11, fe_coefs!A:C, 3, FALSE) + VLOOKUP(F11, fe_coefs!E:G, 3, FALSE) + VLOOKUP(G11, fe_coefs!I:K, 3, FALSE) -> #N/A | J11: =IF(ISNUMBER(1.3 + H11*(LN(1 + D11))^I11), 1.3 + H11*(LN(1 + D11))^I11, "")
H12: =VLOOKUP(C12, ab_coefs!B:D, 2, FALSE) + VLOOKUP(E12, fe_coefs!A:C, 2, FALSE) + VLOOKUP(F12, fe_coefs!E:G, 2, FALSE) + VLOOKUP(G12, fe_coefs!I:K, 2, FALSE) -> #N/A | I12: =VLOOKUP(C12, ab_coefs!B:D, 3, FALSE) + VLOOKUP(E12, fe_coefs!A:C, 3, FALSE) + VLOOKUP(F12, fe_coefs!E:G, 3, FALSE) + VLOOKUP(G12, fe_coefs!I:K, 3, FALSE) -> #N/A | J12: =IF(ISNUMBER(1.3 + H12*(LN(1 + D12))^I12), 1.3 + H12*(LN(1 + D12))^I12, "")
H13: =VLOOKUP(C13, ab_coefs!B:D, 2, FALSE) + VLOOKUP(E13, fe_coefs!A:C, 2, FALSE) + VLOOKUP(F13, fe_coefs!E:G, 2, FALSE) + VLOOKUP(G13, fe_coefs!I:K, 2, FALSE) -> #N/A | I13: =VLOOKUP(C13, ab_coefs!B:D, 3, FALSE) + VLOOKUP(E13, fe_coefs!A:C, 3, FALSE) + VLOOKUP(F13, fe_coefs!E:G, 3, FALSE) + VLOOKUP(G13, fe_coefs!I:K, 3, FALSE) -> #N/A | J13: =IF(ISNUMBER(1.3 + H13*(LN(1 + D13))^I13), 1.3 + H13*(LN(1 + D13))^I13, "")
H14: =VLOOKUP(C14, ab_coefs!B:D, 2, FALSE) + VLOOKUP(E14, fe_coefs!A:C, 2, FALSE) + VLOOKUP(F14, fe_coefs!E:G, 2, FALSE) + VLOOKUP(G14, fe_coefs!I:K, 2, FALSE) -> #N/A | I14: =VLOOKUP(C14, ab_coefs!B:D, 3, FALSE) + VLOOKUP(E14, fe_coefs!A:C, 3, FALSE) + VLOOKUP(F14, fe_coefs!E:G, 3, FALSE) + VLOOKUP(G14, fe_coefs!I:K, 3, FALSE) -> #N/A | J14: =IF(ISNUMBER(1.3 + H14*(LN(1 + D14))^I14), 1.3 + H14*(LN(1 + D14))^I14, "")
H15: =VLOOKUP(C15, ab_coefs!B:D, 2, FALSE) + VLOOKUP(E15, fe_coefs!A:C, 2, FALSE) + VLOOKUP(F15, fe_coefs!E:G, 2, FALSE) + VLOOKUP(G15, fe_coefs!I:K, 2, FALSE) -> #N/A | I15: =VLOOKUP(C15, ab_coefs!B:D, 3, FALSE) + VLOOKUP(E15, fe_coefs!A:C, 3, FALSE) + VLOOKUP(F15, fe_coefs!E:G, 3, FALSE) + VLOOKUP(G15, fe_coefs!I:K, 3, FALSE) -> #N/A | J15: =IF(ISNUMBER(1.3 + H15*(LN(1 + D15))^I15), 1.3 + H15*(LN(1 + D15))^I15, "")
H16: =VLOOKUP(C16, ab_coefs!B:D, 2, FALSE) + VLOOKUP(E16, fe_coefs!A:C, 2, FALSE) + VLOOKUP(F16, fe_coefs!E:G, 2, FALSE) + VLOOKUP(G16, fe_coefs!I:K, 2, FALSE) -> #N/A | I16: =VLOOKUP(C16, ab_coefs!B:D, 3, FALSE) + VLOOKUP(E16, fe_coefs!A:C, 3, FALSE) + VLOOKUP(F16, fe_coefs!E:G, 3, FALSE) + VLOOKUP(G16, fe_coefs!I:K, 3, FALSE) -> #N/A | J16: =IF(ISNUMBER(1.3 + H16*(LN(1 + D16))^I16), 1.3 + H16*(LN(1 + D16))^I16, "")
H17: =VLOOKUP(C17, ab_coefs!B:D, 2, FALSE) + VLOOKUP(E17, fe_coefs!A:C, 2, FALSE) + VLOOKUP(F17, fe_coefs!E:G, 2, FALSE) + VLOOKUP(G17, fe_coefs!I:K, 2, FALSE) -> #N/A | I17: =VLOOKUP(C17, ab_coefs!B:D, 3, FALSE) + VLOOKUP(E17, fe_coefs!A:C, 3, FALSE) + VLOOKUP(F17, fe_coefs!E:G, 3, FALSE) + VLOOKUP(G17, fe_coefs!I:K, 3, FALSE) -> #N/A | J17: =IF(ISNUMBER(1.3 + H17*(LN(1 + D17))^I17), 1.3 + H17*(LN(1 + D17))^I17, "")
H18: =VLOOKUP(C18, ab_coefs!B:D, 2, FALSE) + VLOOKUP(E18, fe_coefs!A:C, 2, FALSE) + VLOOKUP(F18, fe_coefs!E:G, 2, FALSE) + VLOOKUP(G18, fe_coefs!I:K, 2, FALSE) -> #N/A | I18: =VLOOKUP(C18, ab_coefs!B:D, 3, FALSE) + VLOOKUP(E18, fe_coefs!A:C, 3, FALSE) + VLOOKUP(F18, fe_coefs!E:G, 3, FALSE) + VLOOKUP(G18, fe_coefs!I:K, 3, FALSE) -> #N/A | J18: =IF(ISNUMBER(1.3 + H18*(LN(1 + D18))^I18), 1.3 + H18*(LN(1 + D18))^I18, "")
H19: =VLOOKUP(C19, ab_coefs!B:D, 2, FALSE) + VLOOKUP(E19, fe_coefs!A:C, 2, FALSE) + VLOOKUP(F19, fe_coefs!E:G, 2, FALSE) + VLOOKUP(G19, fe_coefs!I:K, 2, FALSE) -> #N/A | I19: =VLOOKUP(C19, ab_coefs!B:D, 3, FALSE) + VLOOKUP(E19, fe_coefs!A:C, 3, FALSE) + VLOOKUP(F19, fe_coefs!E:G, 3, FALSE) + VLOOKUP(G19, fe_coefs!I:K, 3, FALSE) -> #N/A | J19: =IF(ISNUMBER(1.3 + H19*(LN(1 + D19))^I19), 1.3 + H19*(LN(1 + D19))^I19, "")
H20: =VLOOKUP(C20, ab_coefs!B:D, 2, FALSE) + VLOOKUP(E20, fe_coefs!A:C, 2, FALSE) + VLOOKUP(F20, fe_coefs!E:G, 2, FALSE) + VLOOKUP(G20, fe_coefs!I:K, 2, FALSE) -> #N/A | I20: =VLOOKUP(C20, ab_coefs!B:D, 3, FALSE) + VLOOKUP(E20, fe_coefs!A:C, 3, FALSE) + VLOOKUP(F20, fe_coefs!E:G, 3, FALSE) + VLOOKUP(G20, fe_coefs!I:K, 3, FALSE) -> #N/A | J20: =IF(ISNUMBER(1.3 + H20*(LN(1 + D20))^I20), 1.3 + H20*(LN(1 + D20))^I20, "")
H21: =VLOOKUP(C21, ab_coefs!B:D, 2, FALSE) + VLOOKUP(E21, fe_coefs!A:C, 2, FALSE) + VLOOKUP(F21, fe_coefs!E:G, 2, FALSE) + VLOOKUP(G21, fe_coefs!I:K, 2, FALSE) -> #N/A | I21: =VLOOKUP(C21, ab_coefs!B:D, 3, FALSE) + VLOOKUP(E21, fe_coefs!A:C, 3, FALSE) + VLOOKUP(F21, fe_coefs!E:G, 3, FALSE) + VLOOKUP(G21, fe_coefs!I:K, 3, FALSE) -> #N/A | J21: =IF(ISNUMBER(1.3 + H21*(LN(1 + D21))^I21), 1.3 + H21*(LN(1 + D21))^I21, "")
... H2776: =VLOOKUP(C2776, ab_coefs!B:D, 2, FALSE) + VLOOKUP(E2776, fe_coefs!A:C, 2, FALSE) + VLOOKUP(F2776, fe_coefs!E:G, 2, FALSE) + VLOOKUP(G2776, fe_coefs!I:K, 2, FALSE) -> #N/A | I2776: =VLOOKUP(C2776, ab_coefs!B:D, 3, FALSE) + VLOOKUP(E2776, fe_coefs!A:C, 3, FALSE) + VLOOKUP(F2776, fe_coefs!E:G, 3, FALSE) + VLOOKUP(G2776, fe_coefs!I:K, 3, FALSE) -> #N/A | J2776: =IF(ISNUMBER(1.3 + H2776*(LN(1 + D2776))^I2776), 1.3 + H2776*(LN(1 + D2776))^I2776, "")

Sheet ab_coefs
A1: Species code | B1: Species name | C1: a | D1: b
A2: 0 | B2: All the species | C2: 1.4096 | D2: 1.9796
A3: 31 | B3: Abies alba | C3: 1.1366437 | D3: 2.1739559
A4: 32 | B4: Abies pinsapo | C4: 0.74915085 | D4: 2.2472795
A5: 307 | B5: Acacia dealbata | C5: 2.1607669 | D5: 1.5970496
A6: 207 | B6: Acacia melanoxylon | C6: 1.9354685 | D6: 1.7323333
A7: 7 | B7: Acacia spp. | C7: 1.8025897 | D7: 1.8225667
A8: 76 | B8: Acer campestre | C8: 1.7615839 | D8: 1.6913622
A9: 276 | B9: Acer monspessulanum | C9: 1.1888494 | D9: 1.8690325
A10: 476 | B10: Acer opalus | C10: 1.6435484 | D10: 1.7919144
A11: 576 | B11: Acer pseudoplatanus | C11: 1.8522008 | D11: 1.802146
A12: 54 | B12: Alnus glutinosa | C12: 2.6924266 | D12: 1.5144232
A13: 68 | B13: Arbutus unedo | C13: 0.7651233 | D13: 2.1509158
... A93: 56 | B93: Ulmus minor | C93: 1.7178183 | D93: 1.7605693

Sheet fe_coefs
A1: Climate region | B1: a | C1: b | E1: Stand mixture | F1: a | G1: b | I1: Stand origin | J1: a | K1: b
A2: Alpine | B2: -0.032394453 | C2: 0.034801027 | E2: mix | F2: 0.017974292 | G2: -0.039033522 | I2: natural | J2: 0 | K2: 0
A3: Atlantic | B3: 0.20148637 | C3: -0.069099347 | E3: pure | F3: 0 | G3: 0 | I3: plantation | J3: -0.011981286 | K3: 0.038225082
A4: Macaronesian | B4: 0.18376726 | C4: -0.19945749
A5: Mediterranean | B5: 0 | C5: 0
